record_Assignee,application_date,record_patent_no,record_title,grant_date,years_gap_bw_app_grant,Application_Number,Priority_date,prioritydate_b4_appdate,inventor_indian,applicant_indian,classification_ipcr,field_of_invention,Priority_country_1st,applicant.name.ACTUAL,applicant.name.1st
A.S. HABIBUR RAHMAN,2/27/2003,224175,PROCESS FOR MANUFACTURING OF HERBAL FOOD SUPPLEMENT(IQTONE) FOR BRAIN HEALTH DISORDERS,2008-10-01T00:00:00Z,5.6,230/MUM/2003,#VALUE!,#VALUE!,true,true,A61K-35/78,(FI11) PHARMACEUTICALS,-,A.S. HABIBUR RAHMAN,A.S. HABIBUR RAHMAN
YAMINI BHUSHAN TRIPATHI,6/18/2002,195018,"""A PROCESS FOR THE PREPARATION OF A RADIO PROTECTIVE AND ANTI-CANCER HERBAL FORMULATION BASED ON RUBIA CORDIFOLIA AND SEMICORPUS ANACARDIUM""",2006-03-17T00:00:00Z,3.7,661/DEL/2002,#VALUE!,#VALUE!,true,true,A61K-31/00,(FI11) PHARMACEUTICALS,-,ADDITIONAL DIRECTOR (IPR),Defence
"KANDANGATH RAGHAVAN ANILAKUMAR, NAGATHIHALLI SRINIVASAN NAGARAJ, KRISHNASWAMY SANTHANAM,",2/7/2001,230849,"""A HERBAL COMPOSITION TO ARREST RANCIDITY IN POULTRY MEAT AND A PROCESS FOR PREPARATION THEREOF""",2009-02-28T00:00:00Z,8,133/DEL/2001,#VALUE!,#VALUE!,true,true,C11B-5/00,(FI11) PHARMACEUTICALS,-,ADDITIONAL DIRECTOR (IPR),Defence
"Rathi Chandrakant Laxminarayan, Rathi Vasant Laxminarayan, Risbud Shilpa Prasanna,",5/21/2004,239160,A herbal oral synergistic composition,2010-03-09T00:00:00Z,5.8,584/MUM/2004,#VALUE!,#VALUE!,true,true,A61K-35/78,(FI03) CHEMICAL,-,ADVANCED BIOCHEMICALS LIMITED,ADVANCED BIOCHEMICALS LIMITED
AJAY BHAGWANDAS BAROT,8/12/2004,213145,A HERBAL COMPOSITION FOR THE TREATMENT OF DAMAGED AND FRACTURED BONE,2007-12-20T00:00:00Z,3.3,869/MUM/2004,#VALUE!,#VALUE!,true,true,A61K-31/00,(FI11) PHARMACEUTICALS,-,AJAY BHAGWANDAS BAROT,AJAY BHAGWANDAS BAROT
"DR. GUPTA SURESH KUMAR, DR. JOSHI SUJATA, DR. SRIVASTAVA SUSHMA, DR. TRIVEDI DEEPA, MRS. HALDER,",3/28/2002,250881,"""A HERBAL OPHTHALMIC FORMULATION OF CURCUMA LONGA FOR DELAYING THE ONSET AND PROGRESSION OF CATARACT""",2012-02-03T00:00:00Z,9.8,419/DEL/2002,#VALUE!,#VALUE!,true,true,A61K-35/78,(FI11) PHARMACEUTICALS,-,"ALL INDIA INSTITUTE OF MEDICAL SCIENCES,:::DEPARTMENT OF SCIENCE AND TECHNOLOGY",ALL INDIA INSTITUTE OF MEDICAL SCIENCES
"GUPTA SURESH KUMAR, DR. JOSHI SUJATA,, DR.SRIVASTAVA SUSHMA, TRIVEDI DEEPA, HALDER NABANITA,",3/9/2001,197245,"""A PROCESS FOR PREPARING A HERBAL OPHTHALMIC FORMULATION FOR DELAYING THE ONSET PROGRESSION OF CATARACT.""",2006-09-22T00:00:00Z,5.5,266/DEL/2001,#VALUE!,#VALUE!,true,true,A61K-35/78,(FI11) PHARMACEUTICALS,-,ALL INDIA INSTITUTE OF MEDICAL SCIENCES:::DEPARTMENT OF SCIENCE AND TECHNOLOGY,ALL INDIA INSTITUTE OF MEDICAL SCIENCES
ANIT KUMAR YADAV,11/29/2005,210329,AN AYURVEDIC COMPOSITION FOR JOINING FRACTURED BONE & AS ANTI-INFLAMMATORY AND PROCESS FOR PREPARATION THEREOF,2007-09-28T00:00:00Z,1.8,3207/DEL/2005,#VALUE!,#VALUE!,true,true,A61K-31/00,(FI03) CHEMICAL,-,ANIT KUMAR YADAV,ANIT KUMAR YADAV
AYARE SHAMBABU DEVAPPA,7/14/2003,227674,HERBAL COMPOSITIONS FOR TREATMENT OF AIDS AND PREPARATION THEREOF,2009-01-14T00:00:00Z,5.5,712/MUM/2003,#VALUE!,#VALUE!,true,true,A61K-35/78,(FI09) GENERAL ENGINEERING,-,AYARE SHAMBABU DEVAPPA,AYARE SHAMBABU DEVAPPA
BAKSHI KANDARPKUMAR JANUBHAI,1/11/2007,225690,A HERBAL COMPOSITION  FOR TREATMENT OF ORAL SUB MUCOUS FIBROSIS(OSMF),2008-11-20T00:00:00Z,1.8,53/MUM/2007,#VALUE!,#VALUE!,true,true,A61K-36/00,(FI11) PHARMACEUTICALS,-,BAKSHI KANDARPKUMAR JANUBHAI,BAKSHI KANDARPKUMAR JANUBHAI
BAKUL JAIN,10/7/2003,206091,AYURVEDIC IMMUNO-MODULATOR COMPOSITION FOR TREATMENT OF ACQUIRED IMMUNO DEFICIENCY SYNDROME,2007-04-17T00:00:00Z,3.5,1048/MUM/2003,#VALUE!,#VALUE!,true,true,A61K-35/78,(FI11) PHARMACEUTICALS,-,BAKUL JAIN,BAKUL JAIN
BHARAT MANHARLAL PARIKH,12/6/2005,208484,"HERBAL HAVAN (YAGNA) TABLET OR POWDER FOR HEALING MEDICINAL AND ODORIFEROUS TREATMENT FOR HUMAN, ANIMAL AND PLANT LIFE BY WAY OF SMOKE",2007-08-01T00:00:00Z,1.6,1504/MUM/2005,#VALUE!,#VALUE!,true,true,A01N-65/00,(FI11) PHARMACEUTICALS,-,BHARAT MANHARLAL PARIKH,BHARAT MANHARLAL PARIKH
C.M. SIVARAMAN,4/29/2008,267712,HERBAL COMPOSITION EFFECTIVE AGAINST RHABDOVIRUS AND PROCESS OF PREPARATION THEREOF,2015-07-29T00:00:00Z,7.3,1050/CHE/2008,#VALUE!,#VALUE!,true,true,A61K-35/78,(FI15) BIO-CHEMISTRY,-,C.M SIVARAMAN,C.M SIVARAMAN
MOHAMMAD KHALID SIDDIQUI,8/21/2006,251453,"""A NOVEL HERBAL COMPOSITION AND A PROCESS FOR PREPARATION THEREOF EFFECTIVE AGAINST CONSTIPATION""",2012-03-16T00:00:00Z,5.5,1862/DEL/2006,#VALUE!,#VALUE!,true,true,[u',(FI11) PHARMACEUTICALS,-,CENTRAL COUNCIL FOR RESEARCH IN UNANI MEDICINE,CENTRAL COUNCIL FOR RESEARCH IN UNANI MEDICINE
MOHAMMAD KHALID SIDDIQUI,8/21/2006,252163,"""A NOVEL HERBAL COMPOSITION AND A PROCESS FOR PREPARATION THEREOF EFFECTIVE AGAINST ABDOMINAL WORM .""",2012-04-30T00:00:00Z,5.7,1863/DEL/2006,#VALUE!,#VALUE!,true,true,[u',(FI11) PHARMACEUTICALS,-,CENTRAL COUNCIL FOR RESEARCH IN UNANI MEDICINE,CENTRAL COUNCIL FOR RESEARCH IN UNANI MEDICINE
"ELLA KRISHNA MURTHY, ELLA SUCHITRA KRISHNA, RUDRAPATTANA PURUSHOTHAM ANANDA ALWAR, KAIPPANGALA VINAYA GOPAL,",8/27/2007,248873,A SYNERGISTIC HERBAL COMPOSITION HAVING ANTI-STRESS AND MEMORY ENHANCING ACTIVITY,2011-09-05T00:00:00Z,4,1911/CHE/2007,#VALUE!,#VALUE!,true,true,"A61K-36/906, A61K-36/28, A61K-36/00,",(FI17) MICRO BIOLOGY,-,CENTURY BIOLOGICALS PRIVATE LIMITED,CENTURY BIOLOGICALS PRIVATE LIMITED
"SHROFF, VIKRAM KISHOR",6/1/2006,252567,A PROCESS FOR PREPARATION OF A POLYHERBAL COMPOSITION AND THE PRODUCT THEREOF,2012-05-23T00:00:00Z,5.9,855/MUM/2006,#VALUE!,#VALUE!,true,true,A61K-35/78,(FI11) PHARMACEUTICALS,-,CHARAK PHARMA PRIVATE LIMITED,CHARAK PHARMA PRIVATE LIMITED
"Chopda, Chetan Ashok",11/2/2006,227558,HERBAL COMPOSITION TO RELIEVE OXIDATIVE STRESS,2009-01-13T00:00:00Z,2.2,1831/MUM/2006,#VALUE!,#VALUE!,true,true,[u',(FI11) PHARMACEUTICALS,-,"CHOPDA, CHETAN ASHOK","CHOPDA, CHETAN ASHOK"
"CHOUDHARY, GIRISH PRASAD",8/11/2005,218675,"A HERBAL COMPOSITION FOR CONTROLLING BLOOD SUGAR LEVEL,AND PROCESS FOR PREPARING THE SAME.",2008-04-09T00:00:00Z,2.6,00731/KOL/2005,#VALUE!,#VALUE!,true,true,A61P-3/00,(FI11) PHARMACEUTICALS,-,"CHOUDHARY, GIRISH PRASAD","CHOUDHARY, GIRISH PRASAD"
,6/18/2002,220806,"""A HERBAL PREPARATION AND  A PROCESS FOR THE PREVENTION OF LIVER CIRRHOSIS OF VARYING ETIOLOGY""",2008-06-05T00:00:00Z,5.9,663/DEL/2002,#VALUE!,#VALUE!,false,false,A61K-37/78,(FI03) CHEMICAL,-,u'',
,6/18/2002,220786,"""A HERBAL FORMULATION FOR PREVENTION AND MANAGEMENT OF CORYZA AND A PROCESS THEREOF""",2008-06-05T00:00:00Z,5.9,666/DEL/2002,#VALUE!,#VALUE!,false,false,A61K-035/78,(FI11) PHARMACEUTICALS,-,u'',
"GULAM NABI QAZI, CHUNI LAL TICKOO, ASHOK KUMAR GUPTA, DEVINDER KUMAR GUPTA, BUPINDER SINGH JAGGI, RAM PAL SINGH, GURDEEP SINGH, BAL KRISHEN CHANDAN, KRISHAN AVTAR SURI, NARESH KUMAR SATTI, VISHWANATH GUPTA, SANTOSH KUMAR BAKSHI, KASTURI LAL BEDI, MANOJ KUMAR TICKOO, OM PARKASH SURI, SATISH CHANDER PURI, PREETI SOMAL, SURJIT SINGH, ANAMIKA KHAJURI, SUDESH KUMAR GANJOO, ARUN KUMAR,",3/20/2002,211254,"""A PROCESS FOR THE PREPARATION OF NOVEL HERBAL NUTRACEUTICAL""",2007-10-23T00:00:00Z,5.6,266/DEL/2002,#VALUE!,#VALUE!,true,true,A23B-7/08,(FI11) PHARMACEUTICALS,-,COUNCIL OF SCIENTIFIC  AND INDUSTRIAL RESEARCH,COUNCIL OF SCIENTIFIC AND INDUSTRIAL RESEARCH
"PALPU PUSHPANGADAN, RAO  CHANDANA VENKATESHARA, RAMASAMI KARTIK, SHANTA MEHROTRA, RAJ KUMAR GOEL AND SATYABRATA ACHARYA, MADHAVAN SOMANATHAN,",2/20/2004,238309,NOVEL SYNERGISTIC HERBAL COMPOSITION AS BRAIN TONIC AND METHOD FOR PREPARATION THEREOF,2010-01-28T00:00:00Z,5.9,377/DELNP/2004,12/26/2003,0.1,true,true,A61K-35/78,(FI11) PHARMACEUTICALS,-,COUNCIL OF SCIENTIFIC & INDUSTRIAL RESEARCH,COUNCIL OF SCIENTIFIC AND INDUSTRIAL RESEARCH
"JANASWAMY MADHUSUDANA RAO, UPPARAPALLI SAMPATH KUMAR, BOGGAVARAPU SUBRAHMANYA SASTRY, JHILLU SINGH YADAV, KONDAPURAM VIJAYA RAGHAVAN, GAUTAM PALIT, DEEPAK RAI, PANNIYAMPALLY MADHAVANKUTTY VARIER, TRIKOVIL SANKARAN MURALEEDHARAN, KOLLATH MURALEEDHARN,",7/30/2004,232949,A SYNERGISTIC HERBAL COMPOSITION,2009-03-24T00:00:00Z,4.6,2221/DELNP/2004,#VALUE!,#VALUE!,true,true,A61K-35/78,(FI11) PHARMACEUTICALS,-,COUNCIL OF SCIENTIFIC & INDUSTRIAL RESEARCH,COUNCIL OF SCIENTIFIC AND INDUSTRIAL RESEARCH
"PALPU PUSHPANGADAN, PADMAVATHI SREEDEVI, SHANTA MEHROTRA, CHNDANA VENKATESWARA RAO, SANJEEV KUMAR OJHA, RAGHAVAN GOVIND,",3/8/2004,239427,ANTIHYPERLIPIDEMIC AND SLIMMING HERBAL COMPOSITION(S),2010-03-19T00:00:00Z,6,579/DELNP/2004,12/22/2003,0.2,true,true,A61K-35/00,(FI15) BIO-CHEMISTRY,-,COUNCIL OF SCIENTIFIC & INDUSTRIAL RESEARCH,COUNCIL OF SCIENTIFIC AND INDUSTRIAL RESEARCH
"BEHL HM,, SIDHU OP, SHANTA M, PUSHPANGADAN P, SAIMBI CS,",3/31/2005,227723,"""DENTAL CARE HERBAL FORMULATION AND ITS PREPARATION THEREOF""",2009-01-19T00:00:00Z,3.8,1266/DELNP/2005,#VALUE!,#VALUE!,true,true,A61K-7/26,(FI11) PHARMACEUTICALS,-,COUNCIL OF SCIENTIFIC & INDUSTRIAL RESEARCH,COUNCIL OF SCIENTIFIC AND INDUSTRIAL RESEARCH
1) YAN XIJUN 2) WU NAIFENG 3) GUO ZHIXIN 4) YE ZHENGLIANG 5) LIU YAN,9/29/2004,216577,HERBAL COMPOSITION FOR ANGINA PECTORIS,2008-03-17T00:00:00Z,3.4,1039/MUM/2004,7/31/2002,2.1,false,false,A61K-31/00,(FI11) PHARMACEUTICALS,US,TIANJIN TASLY PHARMACEUTICAL CO LTD,
"CHAUHAN ABHAY SINGH, CHALASANI KISHORE BABU, SURAPANINI SRIDEVI, YANDRAPU SHARATH KUMAR, KATARAM RAJASEKHAR, CHARY GOVARDHANA MAROJU, DIWAN PRAKASH VAMANRAO, RAGHAVAN KONDAPURAM VIJAYA,",7/27/2004,233549,AN EDIBLE THERAPEUTIC HERBAL COMPOSITION FOR TREATING HYPERGLYCEMIA,2009-03-30T00:00:00Z,4.7,2183/DELNP/2004,3/19/2002,2.3,true,true,[u',(FI11) PHARMACEUTICALS,US,COUNCIL OF SCIENTIFIC & INDUSTRIAL RESEARCH,COUNCIL OF SCIENTIFIC AND INDUSTRIAL RESEARCH
"PUSHPANGADAN PALPU, RAO CHANDANA VENKATESWARA, OJHA SANJEEV KUMAR, NAIR KUTTAN PILLAI NARAYANAN, PANDEY MADAN MOHAN, RAWAT AJAY KUMAR SINGH, MEHROTRA SHANTA,",2/27/2004,232959,HERBAL COMPOSITION AND ITS PREPARATION THEREOF,2009-03-24T00:00:00Z,5,500/DELNP/2004,12/31/2003,0.1,true,true,A61K-7/16,(FI11) PHARMACEUTICALS,-,COUNCIL OF SCIENTIFIC & INDUSTRIAL RESEARCH.,COUNCIL OF SCIENTIFIC AND INDUSTRIAL RESEARCH
"PALPU PUSHPANGADAN, CHANDANA VENKATESWARA RAWAT, AJAY KUMAR SINGH RAWAT, SHANTA MEHROTRA, SANJEEV KUMAR OJHA, AMRESH,",11/9/2004,245725,"""A HERBAL COMPOSITION USEFUL FOR GASTRO-INTESTINAL DISORDERS & PROCESS THEREOF""",2011-01-31T00:00:00Z,6.2,3501/DELNP/2004,12/29/2003,0.8,true,true,A61K-35/78,(FI11) PHARMACEUTICALS,-,COUNCIL OF SCIENTIFIC & INDUSTRIAL RESEARCH.,COUNCIL OF SCIENTIFIC AND INDUSTRIAL RESEARCH
Squires Meryl J.,4/17/2001,199484,A process for preparing a synergistic herbal pharmaceutical composition.,2007-01-05T00:00:00Z,5.7,502/DEL/2001,#VALUE!,#VALUE!,false,false,A61K-35/78,(FI11) PHARMACEUTICALS,-,Squires Meryl J.,
"PUSHPANGADAN PALPU, RAO CHANDANA VENKATESWARA, MEHROTRA SHANTA, RAWAT AJAY KUMAR SINGH, GOVINDARAJAN RAGHAVAN, VIJAYAKUMAR MADHAVAN,",3/8/2004,225350,"ANTI-COUGH,ANTI-TUSSIVE AND THROAT SOOTHING SYNERGISTIC HERBAL FORMULATION",2008-11-11T00:00:00Z,4.7,00584/DELNP/2004,6/9/2002,1.7,true,true,A61K-35/00,(FI15) BIO-CHEMISTRY,US,COUNCIL OF SCIENTIFIC AND INDUSTRIAL RESEARCH,COUNCIL OF SCIENTIFIC AND INDUSTRIAL RESEARCH
"MEENA RAJNIKANT RATHOD, BHUPENDRA DHANVANTRAI SHETHIA, JAYANT BATUKRAI PANDYA, PUSHPITO KUMAR GHOSH, PRAKASH JAGUBHAI DODIYA, BRAHM SHANKER SRIVASTAVA, RANJANA SRIVASTAVA, ANIL SRIVASTAVA, VINITA CHATURVEDI,",8/28/2003,227532,NOVEL BIOACTIVE FRACTIONS FROM A NOVEL HERBAL EXTRACT OF SALICORNIA SPECIES HAVING ANTITUBERCULAR ACTIVITY,2009-01-13T00:00:00Z,5.3,1062/DEL/2003,#VALUE!,#VALUE!,true,true,A61K-035/78,(FI15) BIO-CHEMISTRY,-,Council of Scientific and Industrial Research,COUNCIL OF SCIENTIFIC AND INDUSTRIAL RESEARCH
"RAY MADHUR, PAL RRAGHWENDRA, SINGH SATYAWAN, KHANNA NANDOO MAL,",9/22/2004,229247,"""AN IMPROVED PROCESS FOR THE PREPARATION OF LIPID SOLUBLE EXTRACT FROM CURCUMA SPECIES""",2009-02-16T00:00:00Z,4.3,2838/DELNP/2004,#VALUE!,#VALUE!,true,true,A61K-35/78,(FI11) PHARMACEUTICALS,-,COUNCIL OF SCIENTIFIC AND INDUSTRIAL RESEARCH,COUNCIL OF SCIENTIFIC AND INDUSTRIAL RESEARCH
"JANASWAMY MADHUSUDANA RAO, UPPARAPALLI SAMPATH KUMAR, BOGGAVARAPU SUBRAHMANYA SASTRY, JHILLU SINGH YADAV, KONDAPURAM VIJAYA RAGHAVAN, GAUTAM PALIT, DWARAKA NATH BHALLA, DEEPAK RAI, PANNIYAMPALLY MADHAVANKUTTY VARIER, TRIKOVIL SANKARAN MURALEEDHARAN, KOLLATH MURALEEDHARAN,",10/30/2003,221610,NOVEL HERBAL COMPOSITION FOR THE TREATMENT OF GASTRIC ULCER,2008-06-27T00:00:00Z,4.6,1340/DEL/2003,#VALUE!,#VALUE!,true,true,A61K-35/78,(FI11) PHARMACEUTICALS,-,COUNCIL OF SCIENTIFIC AND INDUSTRIAL RESEARCH,COUNCIL OF SCIENTIFIC AND INDUSTRIAL RESEARCH
"ARUN KUMAR TRIPATHI, VEENA PRAJAPATI, SUMAN PREET SINGH KHANUJA,",2/21/2003,223940,"A PROCESS FOR INSECTICIDAL HERBAL FORMULATION EFFECTIVE IN CONTROLLING MALARIA VECTOR, MOSQUITOES",2008-09-24T00:00:00Z,5.6,166/DEL/2003,#VALUE!,#VALUE!,true,true,A61K-35/78,(FI11) PHARMACEUTICALS,-,COUNCIL OF SCIENTIFIC AND INDUSTRIAL RESEARCH,COUNCIL OF SCIENTIFIC AND INDUSTRIAL RESEARCH
"PALPU PUSHPANGADAN, SHANTA MEHROTRA, AJAY KUMAR SINGH RAWAT, SAYYADA KHATOON,",2/14/2001,230785,A PROCESS FOR PREPARATION OF HERBAL COLOURS USEFUL FOR COSMACEUTICAL  APLICATIONS,2009-02-28T00:00:00Z,8,144/DEL/2001,#VALUE!,#VALUE!,true,true,A61K-7/025,(FI15) BIO-CHEMISTRY,-,COUNCIL OF SCIENTIFIC AND INDUSTRIAL RESEARCH,COUNCIL OF SCIENTIFIC AND INDUSTRIAL RESEARCH
"JANASWAMY MADHUSUDANA RAO, PULLELA VENKATA SRINIVAS, JHILLU SINGH YADAV, KONDAPURAM VIJAYA RAGHAVAN, AJIT KUMAR SAXENA, MUTHAIAH SHANMUGAVEL, HIMANI KAMPASI, GULAM NABI QAZI,",11/6/2003,233478,A NOVEL HERBAL CHEMICAL COMPOSITION FOR THE TREATMENT OF CANCER,2009-03-30T00:00:00Z,5.3,01837/DELNP/2003,#VALUE!,#VALUE!,true,true,A61K-35/78,(FI11) PHARMACEUTICALS,-,COUNCIL OF SCIENTIFIC AND INDUSTRIAL RESEARCH,COUNCIL OF SCIENTIFIC AND INDUSTRIAL RESEARCH
"VILAS GAJANAN GAIKAR, DEEPAK VIJAY DANDEKAR,",9/16/1999,252596,A PROCESS FOR EXTRACTION OF CURCUMINOIDS FORM CURCUMA SPECIES.,2012-05-23T00:00:00Z,12.7,1241/DEL/1999,#VALUE!,#VALUE!,true,true,A61K-035/78,(FI11) PHARMACEUTICALS,-,COUNCIL OF SCIENTIFIC AND INDUSTRIAL RESEARCH,COUNCIL OF SCIENTIFIC AND INDUSTRIAL RESEARCH
"PUSHPANGADAN PALPU, RAO CHANDANA VENKATESWARA, MEHROTRA SHANTA, GOVINDARAJAN RAGHAVAN, KRISHNAN NAIR RADHAKRISHNAN,",3/8/2004,233430,AN ANTIULCER SYNERGISTIC HERBAL FORMULATION,2009-03-30T00:00:00Z,5,00580/DELNP/2004,3/31/2003,0.9,true,true,A61K-35/00,(FI03) CHEMICAL,US,COUNCIL OF SCIENTIFIC AND INDUSTRIAL RESEARCH,COUNCIL OF SCIENTIFIC AND INDUSTRIAL RESEARCH
"DR PALPU PUS HPANGADAN, DR DHAN PRAKASH,",2/18/2003,242387,HERBAL HEALTH PROTECTIVE AND PROMOTIVE NUTRACEUTICAL FORMULATION FOR DIABETICS AND PROCESS FOR PREPARING THE SAME,2010-08-25T00:00:00Z,7.5,135/DEL/2003,#VALUE!,#VALUE!,true,true,A61K-35/78,(FI11) PHARMACEUTICALS,-,COUNCIL OF SCIENTIFIC AND INDUSTRIAL RESEARCH,COUNCIL OF SCIENTIFIC AND INDUSTRIAL RESEARCH
"ALAUL HASAN ABAD FAROOQI, SRIKANT SHARMA, ASIFUDULLA KHAN, RAGHUBIND KUMAR, SUSHIL KUMAR,",2/12/1999,215680,A SYNERGISTIC FORMULATION USEFUL AS NATURAL HERBAL TOOTH POWDER,2008-02-29T00:00:00Z,9,240/DEL/1999,#VALUE!,#VALUE!,true,true,A61K-7/16,(FI11) PHARMACEUTICALS,-,COUNCIL OF SCIENTIFIC AND INDUSTRIAL RESEARCH,COUNCIL OF SCIENTIFIC AND INDUSTRIAL RESEARCH
"ANIL KUMAR SINGH, RATAN LAL BINDRA, RASHMI GUPTA, YOGENDRA NATH SHUKLA AND SUSHIL KUMAR",6/4/2004,239740,AN ANALGESIC AND REFRESHING HERBAL COMPOSITION USEFUL AS DENTRIFRICES.,2010-03-31T00:00:00Z,5.8,1030/DEL/2004,1/3/2001,3.4,true,true,A61K-35/78,(FI15) BIO-CHEMISTRY,US,COUNCIL OF SCIENTIFIC AND INDUSTRIAL RESEARCH,COUNCIL OF SCIENTIFIC AND INDUSTRIAL RESEARCH
"DR. RAJ SHEKHAR SINGH, DR. JAGDISH, MR. SHAILENDRA KR. SINGH, MR. DEBJEET PAL,",6/4/2004,240420,"""A FORMULATION FOR HERBAL FACE CREAM SUITABLE FOR OILY SKIN """,2010-05-10T00:00:00Z,5.9,1028/DEL/2004,#VALUE!,#VALUE!,true,true,A61K-35/78,(FI11) PHARMACEUTICALS,-,COUNCIL OF SCIENTIFIC AND INDUSTRIAL RESEARCH,COUNCIL OF SCIENTIFIC AND INDUSTRIAL RESEARCH
"HERSH PRATAP, BRAJNDER SINGH, VIRINDER SINGH DHADWAL,",2/19/2003,232990,"""A PROCESS FOR THE PREPARATION OF HERBAL WINES FROM HIMALAYAN BERRIES""",2009-03-24T00:00:00Z,6.1,147/DEL/2003,#VALUE!,#VALUE!,true,true,C12G-1/022,(FI11) PHARMACEUTICALS,-,COUNCIL OF SCIENTIFIC AND INDUSTRIAL RESEARCH.,COUNCIL OF SCIENTIFIC AND INDUSTRIAL RESEARCH
"PALPU PUSHPANGADAN, CHANDANA VENKATESWARA RAO, KAMAL KISHORE, YOGENDRA KUMAR GUPTA, RAMASAMI KARTIK, RAGHAVAN GOVINDARAJAN,",3/31/2005,236752,NOVEL HERBAL COMPOSITION AS MEMORY ENHANCER IN ALZHEIMERS CONDITION,2009-11-19T00:00:00Z,4.6,1261/DELNP/2005,12/24/2004,0.3,true,true,A61K-35/78,(FI11) PHARMACEUTICALS,-,COUNCIL OF SCIENTIFIC & INDUSTRIAL RESEARCH:::ALL INDIA INSTITUTE OF MEDICAL SCIENCES,COUNCIL OF SCIENTIFIC AND INDUSTRIAL RESEARCH
"ARUN KUMAR KARERAT, MOHANMMAD IFTHIKAR, JOY VARGHESE, VELLAPPILLIL ACHUTHAN VENUGOPAL, PALPU PUSHPANGADAN, AJAY KUMAR SINGH RAWAT, CHANDANA VENKATESWARA RAO, RAGHAVAN GOVINDARAJAN,",12/16/2004,248560,"""ANTICIGARETTE HERBAL FORMULATION AS AN ANTI-DOTE TO TOBACCO""",2011-07-25T00:00:00Z,6.6,2504/DEL/2004,#VALUE!,#VALUE!,true,true,A61K-00/00,(FI11) PHARMACEUTICALS,-,"COUNCIL OF SCIENTIFIC & INDUSTRIAL RESEARCH:::CSIR, INDIA.:::MIR HOLISTICS PRIVATE LIMITED",COUNCIL OF SCIENTIFIC AND INDUSTRIAL RESEARCH
RAJ MEHROTRA,7/31/1997,235108,"A NOVEL SYNERGISTIC POLYHERBAL COMPOSITION,USEFUL FOR TREATING HEPATITIS NON A TO G VIRUS INFECTION(S) AND A PROCESS FOR PREPARING SUCH COMPOSITION",2009-06-25T00:00:00Z,11.8,2141/DEL/1997,#VALUE!,#VALUE!,true,true,A61K-35/78,(FI11) PHARMACEUTICALS,-,DABUR RESEARCH FOUNDATION,DABUR RESEARCH FOUNDATION
"KATIYAR, CHANDRA KANT, GOYAL, RAJAT, BHASIN, RAKESH, ANANTHANARAYANA, DASALUKUNTE BHIMRAO, DUGGAL, RAMESH KUMAR,",1/1/2002,226231,"""A SYNERGISTIC HERBAL COMPOSITION""",2008-12-12T00:00:00Z,6.9,03/DEL/2002,#VALUE!,#VALUE!,true,true,A61K-31/00,(FI11) PHARMACEUTICALS,-,DABUR RESEARCH FOUNDATION,DABUR RESEARCH FOUNDATION
"NARASIMHA BABA BRINDAVANAM, CHANDRAKANT KATIYAR, VADLAPALLI VENKATESWARA RAO,",5/2/2000,213348,"""A NOVEL HERBAL COMPOSITION FOR DIABETIC PATIENTS AND A PROCESS FOR PRODUCING THE SAME""",2007-12-27T00:00:00Z,7.6,478/DEL/2000,#VALUE!,#VALUE!,true,true,A61K-35/78,(FI11) PHARMACEUTICALS,-,DABUR RESEARCH FOUNDATION,DABUR RESEARCH FOUNDATION
"DASALUKUNTE BHIMARAO ANANTA NARAYANA, CHANDRA KANT KATIYAR, NARASIMHA BABA BRINDAVANAM, RAMESH KUMAR DUGGAL, RAVI JAIN, RAGHU RAMULU NAMALA, AVINASH NARWARIA,",5/15/2001,209451,HERBAL COMPOSITION FOR TREATMENT OF BONE METABELIC DISORDERS,2007-08-30T00:00:00Z,6.3,574/DEL/2001,#VALUE!,#VALUE!,true,true,A61K-035/78,(FI11) PHARMACEUTICALS,-,DABUR RESEARCH FOUNDATION,DABUR RESEARCH FOUNDATION
DR. PANCHAPAGESA MUTHUSWAMY MURALI,3/16/1999,237569,"A HERBAL COMPOSITION FOR THE TREATMENT OF CHRONIC OBSTRUCTIVE PULMONARY DISEASE, BRONCHITIS AND RESPIRATORY DISORDERS",2009-12-29T00:00:00Z,10.8,222/CAL/1999,#VALUE!,#VALUE!,true,true,A61K-35/78,(FI11) PHARMACEUTICALS,-,DALMIA CENTRE FOR BIOTECHNOLOGY,DALMIA CENTRE FOR BIOTECHNOLOGY
"DATTA PROF., DR. SIDDHARTHA, DATTA PROF., DR. SIDDHARTHA,",3/27/2006,235813,"A POTABLE HERBAL COMPOSITION AND VALUE ADDED PRODUCTS FROM BETEL LEAVES, AND PROCESS FOR PREPARING THE SAME",2009-09-02T00:00:00Z,3.4,262/KOL/2006,#VALUE!,#VALUE!,true,true,A61K-36/00,(FI03) CHEMICAL,-,"DATTA PROF., DR. SIDDHARTHA:::DATTA PROF., DR. SIDDHARTHA","DATTA PROF., DR. SIDDHARTHA"
TRIPATHI YAMINI BHUSHAN,12/13/2002,238258,A POLYHERBAL PREPARATION USEFUL FOR THE PREVENTION OF ATHEROSCLEROSIS AND HYPERLIPIDEMIA,2010-01-27T00:00:00Z,7.1,1255/DEL/2002,#VALUE!,#VALUE!,true,true,A61K-35/78,(FI11) PHARMACEUTICALS,-,DEPARTMENT OF BIOTECHNOLOGY:::BANARAS HINDU UNIVERSITY,DEPARTMENT OF BIOTECHNOLOGY
"V.V. ASHA, P.J. WILLS, A. SUBRAMONTAM OF DEPARTMENT,",2/1/2006,250038,A PROCESS FOR THE PREPARATION OF HERBAL EXTRACT FROM THE FERN CHEILANTHES FARINOSE EFFECTIVE AGANIST LIVER DISEASES,2011-11-30T00:00:00Z,5.8,269/DEL/2006,#VALUE!,#VALUE!,true,true,A61K-36/11,(FI11) PHARMACEUTICALS,-,DEPARTMENT OF BIOTECHNOLOGY:::RAJIV GANDHI CENTRE OF BIOTECHNOLOGY,DEPARTMENT OF BIOTECHNOLOGY
"PREM SINGH NEGI, RAJIO SINGH, NARENDRA KUMAR, RAGHWENDRA SINGH, DEVENDRA SINGH BHAKUNI,",1/17/2005,241184,"""A HERBAL NAMKEEN TEA  POWDER AND A PROCESS FOR THE PREPARATION THEREOF""",2010-06-23T00:00:00Z,5.4,101/DEL/2005,#VALUE!,#VALUE!,true,true,A61K-35/78,(FI11) PHARMACEUTICALS,-,"DIRECTOR GENERAL, D.R.D.O. NEW DELHI",Defence
"HEMANT KUMAR PANDEY, PURAN SINGH RAWAT, NARENDRA KUMAR, GAURI SHANKER VERMA,",2/23/2004,240652,"""A HERBAL FORMULATION FOR TOOTHACHE AND RELATED DISORDERS AND A PROCESS FOR PREPARATION THEREOF""",2010-05-21T00:00:00Z,6.2,260/DEL/2004,#VALUE!,#VALUE!,true,true,A61K-35/78,(FI03) CHEMICAL,-,THE DIRECTOR GENERAL(DRDO),Defence
DR. MOHAMMAD KHALID SIDDIQUI,1/25/2006,250700,"""""A HERBAL COMPOSITION EFFECTIVE AGAINST ARTHRITIS AND TO PROCESS FOR THE PREPARATION THEREOF"".",2012-01-20T00:00:00Z,5.9,216/DEL/2006,#VALUE!,#VALUE!,true,true,A61K-36/906,(FI11) PHARMACEUTICALS,-,"DIRECTOR, CENTRAL COUNCIL FOR RESEARCH IN UNANI MEDICINE","DIRECTOR, CENTRAL COUNCIL FOR RESEARCH IN UNANI MEDICINE"
DR. MOHAMMAD KHALID SIDDIQUI,1/25/2006,250196,"""A NOVEL HERBAL COMPOSITION (SUGAR COATED) EFFECTIVE AGAINST RHEUMATOID ARTHRITIS.""",2011-12-15T00:00:00Z,5.8,214/DEL/2006,#VALUE!,#VALUE!,true,true,A61K-36/67,(FI22) TRADITIONAL KNOWLEDGE BIOTECHNOLOGY,-,"DIRECTOR, CENTRAL COUNCIL FOR RESEARCH IN UNANI MEDICINE","DIRECTOR, CENTRAL COUNCIL FOR RESEARCH IN UNANI MEDICINE"
DR. MOHAMMAD KHALID SIDDIQUI,1/25/2006,250021,"""A NOVEL HERBAL COMPOSITION EFFECTIVE AS ANIT PYRETIC AND TO A PROCESS FOR THE PREPARATION THEREOF""",2011-11-29T00:00:00Z,5.8,219/DEL/2006,#VALUE!,#VALUE!,true,true,A61K-36/48,(FI22) TRADITIONAL KNOWLEDGE BIOTECHNOLOGY,-,"DIRECTOR, CENTRAL COUNCIL FOR RESEARCH IN UNANI MEDICINE","DIRECTOR, CENTRAL COUNCIL FOR RESEARCH IN UNANI MEDICINE"
DR. MOHAMMAD KHALID SIDDIQUI,1/25/2006,249186,"""A NOVEL HERBAL COMPOSITION  EFFECTIVE AGAINST CORYZA AND A PROCESS FOR PREPARING THEREOF """,2011-10-10T00:00:00Z,5.7,218/DEL/2006,#VALUE!,#VALUE!,true,true,A61K-36/906,(FI11) PHARMACEUTICALS,-,"DIRECTOR, CENTRAL COUNCIL FOR RESEARCH IN UNANI MEDICINE","DIRECTOR, CENTRAL COUNCIL FOR RESEARCH IN UNANI MEDICINE"
DR. MOHAMMAD KHALID SIDDIQUI,1/25/2006,249180,"""""A HERBAL COMPOSITION EFFECTIVE AGAINST NAZFUDDAM AND A PROCESS FOR THE PREPARATION THEREOF""",2011-10-10T00:00:00Z,5.7,215/DEL/2006,#VALUE!,#VALUE!,true,true,A61K-36/48,(FI11) PHARMACEUTICALS,-,"DIRECTOR, CENTRAL COUNCIL FOR RESEARCH IN UNANI MEDICINE","DIRECTOR, CENTRAL COUNCIL FOR RESEARCH IN UNANI MEDICINE"
PUSHPA KHANNA,10/8/1996,234274,"""AN ANTI-INFLAMMATORY, ANTIARTHRITIC AND A VASCULODILATOR HERBAL OIL FROM MOMORDICA CHARANTIA L. (BITTER GOURD)""",2009-05-15T00:00:00Z,12.6,2191/DEL/1996,#VALUE!,#VALUE!,true,true,A61K-037/26,(FI11) PHARMACEUTICALS,-,DR.  PUSHPA KHANNA,DR.  PUSHPA KHANNA
DR. BARANWAL BALRAM PRASAD,9/11/2000,212537,"""A PROCESS FOR PREPARING A HERBAL PASTE USED AS REMEDY FOR BALDNESS""",2007-12-04T00:00:00Z,7.2,0820/DEL/2000,#VALUE!,#VALUE!,true,true,A61K-35/78,(FI11) PHARMACEUTICALS,-,DR. BARANWAL BALRAM PRASAD,DR. BARANWAL BALRAM PRASAD
DR. MAHENDRA SINGH BASU,7/2/1996,213809,"""AN AYURVEDIC EYE DROP COMPOSITION""",2008-01-17T00:00:00Z,11.5,1471/DEL/1996,#VALUE!,#VALUE!,true,true,A61K-35/78,(FI11) PHARMACEUTICALS,-,DR. MAHENDRA SINGH BASU,DR. MAHENDRA SINGH BASU
"DR.  POTHURAJU SURYA VENKATA SATYANARAYANA, DR. P .S. V  SATYANARAYANA,",6/18/2001,204225,A NOVEL HERBAL DRUG COMPOSITION AND PROCESS THE PREPARATION THEREOF,2007-02-12T00:00:00Z,5.6,487/MAS/2001,#VALUE!,#VALUE!,true,true,A61K-35/78,(FI03) CHEMICAL,-,DR.  POTHURAJU SURYA VENKATA SATYANARAYANA,DR.  POTHURAJU SURYA VENKATA SATYANARAYANA
Mr.POTURAJU SURYA VENKATA SATYANARAYANA,6/18/2001,204994,AVALMIC-I HERBAL BASED DRUG CAPSULE PREPARATION,2007-03-13T00:00:00Z,5.7,486/MAS/2001,#VALUE!,#VALUE!,true,true,A61K-35/00,(FI02) BIOTECHNOLOGY,-,Dr. POTURAJU SURYA VENKATA SATYANARAYANA,Dr. POTURAJU SURYA VENKATA SATYANARAYANA
DR. SWAPAN KUMAR CHATTERJEE,7/31/2002,212137,A HERBAL PHARMACEUTICAL PREPARATION FOR THE TREATMENT OF LEUCODERMA,2007-11-20T00:00:00Z,5.3,460/CAL/2002,#VALUE!,#VALUE!,true,true,A61-K 35/78,(FI11) PHARMACEUTICALS,-,DR. SWAPAN KUMAR CHATTERJEE,DR. SWAPAN KUMAR CHATTERJEE
DUTTA AJOY,9/3/2008,260401,A PROCESS FOR PREPARATION OF CURCUMIN,2014-04-29T00:00:00Z,5.6,1511/KOL/2008,#VALUE!,#VALUE!,true,true,A61K-36/00,(FI11) PHARMACEUTICALS,-,DUTTA AJOY,DUTTA AJOY
ARUN DESHPANDE,7/7/2003,233910,A PROCESS  OF PREPARING  HERBAL COMPOSITION FOR ABSORBING UV RADIATION FROM SUNLIGHT,2009-04-21T00:00:00Z,5.8,688/MUM/2003,#VALUE!,#VALUE!,true,true,A61K-9/70,(FI03) CHEMICAL,-,FEM CARE PHARMA LTD.,FEM CARE PHARMA LTD.
GOVIND MARUTI WAGLE,5/22/2003,222821,A PHARMACEUTICALLY HERBAL SEED EXTRACT WITH BROAD-SPECTRUM MEDICINAL APPLICATION,2008-08-25T00:00:00Z,5.3,515/MUM/2003,#VALUE!,#VALUE!,true,true,A61K-35/80,(FI11) PHARMACEUTICALS,-,GOVIND MARUTI WAGLE,GOVIND MARUTI WAGLE
"J. P. CHOKSI, V. KUMAR, V. S. CHAUHAN, H. S. PARIKH,",1/18/2002,221042,A NOVEL HERBAL BASED COMPOSITION,2008-06-12T00:00:00Z,6.3,48/MUM/2002,#VALUE!,#VALUE!,true,true,A61K-35/78,(FI11) PHARMACEUTICALS,-,GUFIC HEALTHCARE LIMITED,GUFIC HEALTHCARE LIMITED
"SHARMA, SUMAN BALA, MURTHY, POTHAPRAGADA SURYANARAYANA, PRABHU, KRISHNA MADHAV,",6/25/2003,230753,"""A HERBAL HYPOGLYCEMIC COMPOUND FOR CONTROLLING DIABETES MELLITUS""",2009-02-27T00:00:00Z,5.7,838/DEL/2003,#VALUE!,#VALUE!,true,true,A61K-36/48,(FI11) PHARMACEUTICALS,-,INDIAN COUNCIL OF MEDICAL RESEARCH,INDIAN COUNCIL OF MEDICAL RESEARCH
"SHARMA SUMAN BALA, MURTHY POTHAPRAGADA SURYANARAYANA, PRABHU KRISHAN MADHAV, AFREENA NASIR,",5/1/2000,216784,"""AN HERBAL THERAPEUTIC PRODUCT""",2008-03-19T00:00:00Z,7.8,475/DEL/2000,#VALUE!,#VALUE!,true,true,A61P-5/50,(FI11) PHARMACEUTICALS,-,INDIAN COUNCIL OF MEDICAL RESEARCH,INDIAN COUNCIL OF MEDICAL RESEARCH
"DEY SATYAHARI, DAS SUSOBHAN, PAL, SANJAY,",12/19/2000,244525,A PROCESS FOR PREPARATION OF A HERBAL SKIN NOURISHING GEL,2010-12-09T00:00:00Z,9.9,695/CAL/2000,#VALUE!,#VALUE!,true,true,A61K-35/78,(FI11) PHARMACEUTICALS,-,INDIAN INSTITUTE OF TECHNOLOGY,INDIAN INSTITUTE OF TECHNOLOGY
"NAMBOOTHIRI, IRISHI NARAYANAN NARAYANAN, PANDA, DULAL, DEB, INDUBHUSAN, MEHTA, ANKIT, WADHAWAN, VINITA,",7/23/2008,254150,NOVEL ANTICANCER HYDRAZINO DERIVATIVE OF CURCUMIN AND PROCESS FOR PREPARATION THEREOF,2012-09-24T00:00:00Z,4.2,1568/MUM/2008,#VALUE!,#VALUE!,true,true,A61K-31/415,(FI11) PHARMACEUTICALS,-,"INDIAN INSTITUTE OF TECHNOLOGY, BOMBAY",INDIAN INSTITUTE OF TECHNOLOGY
"JAIN PRADEEP CHAND, JAIN DEEP CHAND,",5/30/2003,228301,"""A PROCESS FOR THE PREPARATION OF HERBAL PHARMACEUTICAL COMPOSITION (SWASTHYA CHURNA) USEFUL FOR  TREATMENT OF DIGESTIVE DISORDER""",2006-11-24T00:00:00Z,3.4,749/DEL/2003,#VALUE!,#VALUE!,true,true,A61K-35/78,(FI11) PHARMACEUTICALS,-,JAIN PRADEEP CHAND:::JAIN DEEP CAHND,JAIN PRADEEP CHAND
JOSEPH PALLIKARA JOHN,5/21/2003,244133,"""A PROCESS OF PREPARING A SYNERGISTIC HERBAL AYURVEDIC OINTMENT """,2010-11-19T00:00:00Z,7.4,717/DEL/2003,#VALUE!,#VALUE!,true,true,A61K-35/78,(FI11) PHARMACEUTICALS,-,JOSEPH PALLIKARA JOHN,JOSEPH PALLIKARA JOHN
"KARANDE TULASHIDAS NAMADEO, KARANDE RAYCHAND BANDU,",6/13/2005,234048,A NOVEL HERBAL PRODUCT FOR TREATING ABNORMAL CONDITIONS OF BONES AND A PROCESS FOR MAKING THE SAME,2009-05-01T00:00:00Z,3.8,699/MUM/2005,#VALUE!,#VALUE!,true,true,A61K-68/00,(FI11) PHARMACEUTICALS,-,KARANDE TULASHIDAS NAMADEO:::KARANDE RAYCHAND BANDU,KARANDE TULASHIDAS NAMADEO
,6/18/2002,220749,"""A HERBAL COMPOSITION FOR THE PREVENTION AND MANAGEMENT OF POTENTIAL DIABETES AND  A PROCESS FOR THE PREPARATION THEREOF""",2008-06-04T00:00:00Z,5.9,664/DEL/2002,#VALUE!,#VALUE!,false,false,A61K-35/78,(FI15) BIO-CHEMISTRY,-,u'',
KEDARNATH MOHANLAL LOHE,2/11/2005,227476,AN AYURVEDIC HERBAL HAIR OIL COMPOSITION AND PREPARATION THEREOFF,2009-01-09T00:00:00Z,3.8,146/MUM/2005,#VALUE!,#VALUE!,true,true,A61K-7/06,(FI03) CHEMICAL,-,KEDARNATH MOHANLAL LOHE,KEDARNATH MOHANLAL LOHE
MR. ARUN KUMAR RAJA,2/18/2004,239060,A NOVEL SYNERGISTIC HERBAL FORMULATION FOR DIABETES CURE,2010-03-04T00:00:00Z,6,122/CHE/2004,#VALUE!,#VALUE!,true,true,A61K-31/441,(FI03) CHEMICAL,-,LANSON BIO TECH PRIVATE LIMITED,LANSON BIO TECH PRIVATE LIMITED
"SAMANT RAJAN SHANTARAM, SHAH MAHENDRA CHIMANLAL, SHAH HARAKHCHAND KESHAVJI, SANGODKAR SONAL RAJENDRA,",12/30/2003,213402,HERBAL PHARMACEUTICAL COMPOSITIONS IN JELLY FORMULATIONS,2008-01-01T00:00:00Z,4,1333/MUM/2003,#VALUE!,#VALUE!,true,true,A61K-35/78,(FI11) PHARMACEUTICALS,-,M/S. LYKA  LABS LIMITED,LYKA LABS LIMITED
"SAMANT, RAJAN SHANTARAM, SHAH, MAHENDRA CHIMANLAL, SHAH, HARAKHCHAND KESHAVJI, SANGODKAR, SONAL RAJENDRA,",12/30/2003,213566,PROCESS OF PREPARATION OF HERBAL SEMISOLID ORAL DOSAGE FORMS,2008-01-08T00:00:00Z,4,1332/MUM/2003,#VALUE!,#VALUE!,true,true,A61K-35/78,(FI11) PHARMACEUTICALS,-,M/S. LYKA LABS LIMITED,LYKA LABS LIMITED
MAHENDRA KUMAR JHUNJHUNWALA,11/12/1997,208437,HERBAL AYURVEDIC COMPOSITION FOR TREATMENT OF PSORIASIS,2007-07-27T00:00:00Z,9.7,668/BOM/1997,#VALUE!,#VALUE!,true,true,A61K-35/78,(FI09) GENERAL ENGINEERING,-,MAHENDRA KUMAR JHUNJHUNWALA,MAHENDRA KUMAR JHUNJHUNWALA
MAHENDRA KUMAR JHUNJHUNWALA,11/12/1997,208438,ORAL HERBAL AYURVEDIC COMPOSITION FOR TREATMENT OF PSORIASIS,2007-07-27T00:00:00Z,9.7,667/BOM/1997,#VALUE!,#VALUE!,true,true,A61K-35/78,(FI09) GENERAL ENGINEERING,-,MAHENDRA KUMAR JHUNJHUNWALA,MAHENDRA KUMAR JHUNJHUNWALA
MAITY PRASANTA,12/27/2007,248741,A PROCESS FOR PREPARING AN AYURVEDIC MEDICAMENT EFFECTIVE AGAINST LEUKAEMIA AND CARCINOMA OF LUNG AND INTESTINE,2011-08-17T00:00:00Z,3.6,1734/KOL/2007,#VALUE!,#VALUE!,true,true,A61K-33/28,(FI11) PHARMACEUTICALS,-,MAITY PRASANTA,MAITY PRASANTA
"DR. SUBHAS C. MANDAL, MR. VIVEKANANDA MANDAL,",4/15/2008,244684,AN IMPROVED METHOD FOR EXTRACTION OF CURCUMIN USING A UNIQUE HEATING MODEL BY MICROWAVE EXTRACTION,2010-12-15T00:00:00Z,2.7,725/KOL/2008,#VALUE!,#VALUE!,true,true,"A61K-31/445, A61K-36/906, A61K-31/445,",(FI01) AGROCHEMICALS,-,MANDAL SUBHASH C. &  MANDAL VIVEKANANDA,MANDAL SUBHASH C. &  MANDAL VIVEKANANDA
MATHURAKAVI SRINIASA RAGHAVAN AYYANGAR,5/12/2003,205430,PROCESS FOR PREPARATION OF SKIN CARE COMPOSITION BY COMBINING MICRO-NUTRIENTS WITH AYURVEDIC SUBSTANCES,2007-04-02T00:00:00Z,3.8,461/MUM/2003,#VALUE!,#VALUE!,true,true,A61K-35/78,(FI11) PHARMACEUTICALS,-,MATHURAKAVI SRINIVASA RAGHAVAN AYYANGAR,MATHURAKAVI SRINIVASA RAGHAVAN AYYANGAR
MATHURKAVI SRINIVASA RAGHAVAN AYYANGAR,5/12/2003,207185,PROCESS FOR PREPARATION OF SKIN CARE COMPOSITION BY COMBINING MICRO-NUTRIENTS WITH AYURVEDIC SUBSTANCES,2007-05-24T00:00:00Z,4,462/MUM/2003,#VALUE!,#VALUE!,true,true,A61K-35/78,(FI11) PHARMACEUTICALS,-,MATHURAKAVI SRINIVASA RAGHAVAN AYYANGAR,MATHURAKAVI SRINIVASA RAGHAVAN AYYANGAR
MATHURAKAVI SRINIASA RAGHAVAN AYYANGAR,5/12/2003,205433,PROCESS FOR PREPARATION OF SKIN CARE COMPOSITION BY COMBINING MICRO-NUTRIENTS WITH AYURVEDIC SUBSTANCES,2007-04-02T00:00:00Z,3.8,457/MUM/2003,#VALUE!,#VALUE!,true,true,A61K-35/78,(FI11) PHARMACEUTICALS,-,MATHURAKAVI SRINIVASA RAGHAVAN AYYANGAR,MATHURAKAVI SRINIVASA RAGHAVAN AYYANGAR
MATHURKAVI SRINIVASA RAGHAVAN AYYANGAR,5/12/2003,207188,PROCESS FOR PREPARATION OF SKIN CARE COMPOSITION BY COMBINING MICRO-NUTRIENTS WITH AYURVEDIC SUBSTANCES,2007-05-24T00:00:00Z,4,459/MUM/2003,#VALUE!,#VALUE!,true,true,A61K-35/78,(FI11) PHARMACEUTICALS,-,MATHURKAVI SRINIVASA RAGHAVAN AYYANGAR,MATHURAKAVI SRINIVASA RAGHAVAN AYYANGAR
"SHRIPAD KRISHNARAO VAIDYA, KANCHAN SHRIKANT VAIDYA-MOHGAONKAR,",2/17/2004,220872,FREQUENCIZATION TECHNIQUE FORTRANSMISSION OF HERBAL / ELECTROPATRIC / ROMOEOPATHIC MEDICINALENERGY TO THE CLIENT FROM A DISTANCE,2008-06-09T00:00:00Z,4.3,181/MUM/2004,#VALUE!,#VALUE!,true,true,A61K-41/00,(FI01) AGROCHEMICALS,-,Mr.SHRIPAD KRISHNARAO VAIDYA:::KANCHAN SHRIKANT VAIDYA-MOHGAONKAR,Mr.SHRIPAD KRISHNARAO VAIDYA
"LADDHA KIRTI SHIVCHANDRAJI, BHAVANASI JAYA KUMAR, BARVE KALYANI HIMANSHU,",5/28/2004,238212,SAFED MUSLI HERBAL COMPOSITION IN READY TO DRINK FORM AND PROCESS FOR PREPARATION THEREOF,2010-01-25T00:00:00Z,5.6,603/MUM/2004,#VALUE!,#VALUE!,true,true,A23L-1/29,(FI11) PHARMACEUTICALS,-,NANDAN AGRO FARMS PVT. LTD.,NANDAN AGRO FARMS PVT. LTD.
"HSIU-HSIEN TSAI, SHIE-MING HWANG,",7/10/1997,243564,"""A PROCESS FOR THE PREPARATION OF A HERBAL COMPOSITION FOR THE TREATMENT OF VIRAL INFECTIONS""",2010-10-26T00:00:00Z,13.3,1928/DEL/1997,7/10/1996,1,false,false,A61-K/107,(FI11) PHARMACEUTICALS,US,SAGE R&D,
"RAVINDRA KUMAR AGARWAL, ANURAG AGARWAL,",2/28/2000,234888,A HERBAL COMPOSITION HAVING ANTI ALLERGIC PROPERTIES AND A PROCESS FOR THE PREPARATION THEREOF,2009-06-19T00:00:00Z,9.3,158/MAS/2000,#VALUE!,#VALUE!,true,true,A61K-35/78,(FI17) MICRO BIOLOGY,-,NATURAL REMEDIES PRIVATE LTD,NATURAL REMEDIES PRIVATE LTD
AMIT AGARWAL,4/17/1998,226999,A HERBAL ANTIMICROBIAL DERMATOLOGICAL DRUG,2008-12-31T00:00:00Z,10.7,816/MAS/1998,#VALUE!,#VALUE!,true,true,A61K-35/00,(FI15) BIO-CHEMISTRY,-,NATURAL REMEDIES PVT. LTD,NATURAL REMEDIES PRIVATE LTD
"SOMAN, GIRISH SUDHAKAR, PHADKE, SHRIKRISHNA GOVIND, BLUM, AUTUMN,",2/10/2005,247505,PROCESS FOR POTENTIATING THERAPEUTIC HERBAL POWDERS FOR PREPARATION OF POTENT PHARMACEUTICAL COMPOSITIONS,2011-04-12T00:00:00Z,6.2,142/MUM/2005,#VALUE!,#VALUE!,true,true,A61K-35/78,(FI11) PHARMACEUTICALS,-,NISARAGA BIOTECH PRIVATE LIMITED,NISARAGA BIOTECH PRIVATE LIMITED
"OHARI, VIJAY KUMAR",11/27/2002,223209,"""A METHOD FOR THE PREPARATION OF A POLYHERBAL COMPOSITION FOR THE TREATMENT OF VIRAL HEPATITIS""",2008-09-05T00:00:00Z,5.8,1193/DEL/2002,#VALUE!,#VALUE!,true,true,A61K-35/78,(FI11) PHARMACEUTICALS,-,"OHARI, VIJAY KUMAR","OHARI, VIJAY KUMAR"
"OHARI, VIJAY KUMAR",5/11/2004,247615,"""A POLYHERBAL COMPOSITION FOR THE TREATMENT OF VIRAL HEPATITIS """,2011-04-27T00:00:00Z,6.9,858/DEL/2004,#VALUE!,#VALUE!,true,true,A61K-35/00,(FI11) PHARMACEUTICALS,-,"OHARI, VIJAY KUMAR","OHARI, VIJAY KUMAR"
"PANDEY , SANTOSH KUMAR",7/19/2004,240422,"""A HERBAL COMPOSITION FOR THE TREATMENT OF HIV AND A PROCESS OF PREPARING THE SAME""",2010-05-10T00:00:00Z,5.8,1330/DEL/2004,#VALUE!,#VALUE!,true,true,A61K-35/78,(FI11) PHARMACEUTICALS,-,"PANDEY , SANTOSH KUMAR","PANDEY , SANTOSH KUMAR"
SHISHU,2/11/2008,265132,"""SUSTAINED RELEASE PHARMACEUTICAL COMPOSITIONS CONTAINING CURCUMIN AND BETA-CYCLODEXTRIN""",2015-02-09T00:00:00Z,6.9,353/DEL/2008,#VALUE!,#VALUE!,true,true,A61-K 38/00,(FI11) PHARMACEUTICALS,-,"PANJAB UNIVERSITY.,",PANJAB UNIVERSITY
PATANKAR SURESH,12/26/2006,249299,A SYNERGISTIC HERBAL FORMULATION FOR THE TREATMENT OF RENAL CONDITION,2011-10-17T00:00:00Z,4.8,2128/MUM/2006,#VALUE!,#VALUE!,true,true,A61K-31/70,(FI11) PHARMACEUTICALS,-,PATANKAR SURESH,PATANKAR SURESH
"PAWAR GEETA PANDURANG, SHINDE SANGEETA BHASKARRAO,",10/27/2004,236637,A PROCESS FOR PREPARATION OF AYURVEDIC ANTI-SNAKE VENOM CAPABLE OF ADMINSTERING ORALLY OR INTRAVENOUS,2009-11-13T00:00:00Z,5,1145/MUM/2004,#VALUE!,#VALUE!,true,true,A61K-36/00,(FI11) PHARMACEUTICALS,-,PAWAR GEETA PANDURANG:::SHINDE SANGEETA BHASKARRAO,PAWAR GEETA PANDURANG
"PULIYAKOT PANTHALINGAL SUKUMAR, PHARMACON REMEDIES [BOMBAY PVT[],",10/3/2005,241583,A HERBAL PAIN- RELIEF COMPOSITION,2010-07-14T00:00:00Z,4.8,1243/MUM/2005,#VALUE!,#VALUE!,true,true,A61K-31/00,(FI11) PHARMACEUTICALS,-,"PHARMACON REMEDIES [BOMBAY] PVT. LTD.,","PHARMACON REMEDIES [BOMBAY] PVT. LTD.,"
"KADAM KAVITA, MUTHUSAMY V.S., SAPRE DHANANJAY,",3/29/2006,249133,HERBAL COMPOSITION COMPRISING EXTRACT OF ROOT OF MURRAYA KOENIGII FOR TREATMENT OF INFECTIONS CAUSED BY DERMATOPHYTES,2011-10-03T00:00:00Z,5.5,478/MUM/2006,#VALUE!,#VALUE!,true,true,A61K-36/75,(FI11) PHARMACEUTICALS,-,PIRAMAL LIFE SCIENCES LIMITED,PIRAMAL LIFE SCIENCES LIMITED
"CHAUHAN, VIJAY, SUTHAR, ASHISH, SAPRE, DHANANJAY, BAL-TEMBE, SWATI, GANGOPADHYAY, ASHOK KUMAR, KULKARNI-ALMEIDA, ASHA, PARIKH, SAPANA, HASIT,",4/28/2008,251794,HERBAL COMPOSITION FOR INFLAMMATORY DISORDERS,2012-04-03T00:00:00Z,3.9,851/MUMNP/2008,9/30/2005,2.5,true,true,A61K-35/78,(FI02) BIOTECHNOLOGY,IN,PIRAMAL LIFE SCIENCES LIMITED,PIRAMAL LIFE SCIENCES LIMITED
PRABHAT CHOPRA,1/7/2003,208269,"PROCESS OF PREPARING AN AYURVEDIC COMPOSITION FOR TREATMENT OF COLD, PAIN, COUGH AND INCREASE SEX TIME",2007-07-20T00:00:00Z,4.5,22/MUM/2003,#VALUE!,#VALUE!,true,true,A61K-35/78,(FI11) PHARMACEUTICALS,-,PRABHAT CHOPRA,PRABHAT CHOPRA
"PRASAD VAIDYA BANKE,, GUPTA KRISHNA CHANDRA,, MALL TRIVENI,",5/5/2003,214744,"""A PROCESS FOR PREPARING A HERBAL COMPOSITION FOR THE TREATMENT OF ANIMAL BITES ESPECIALLY SNAKE BITE AND EARLY STAGES OF HYDROPHOBIA""",2008-02-15T00:00:00Z,4.8,672/DEL/2003,#VALUE!,#VALUE!,true,true,A61K-35/78,(FI11) PHARMACEUTICALS,-,"PRASAD VAIDYA BANKE,:::GUPTA KRISHNA CHANDRA,:::MALL TRIVENI",PRASAD VAIDYA BANKE
"PRASAD VAIDYA BANKE, GUPTA KRISHNA CHANDRA, MALL TRIVENI,",4/30/2004,244027,""" A SYNERGISTIC HERBAL COMPOSITION FOR THE TREATMENT OF ANIMAL BITE ESPECIALLY SNAKE BITE AND EARLY STAGES OF HYDROPHOBIA.""",2010-11-15T00:00:00Z,6.5,816/DEL/2004,#VALUE!,#VALUE!,true,true,A61K-35/78,(FI11) PHARMACEUTICALS,-,PRASAD VAIDYA BANKE:::GUPTA KRISHNA CHANDRA:::MALL TRIVENI,PRASAD VAIDYA BANKE
"PULOK K MUKHERJEE, SUJAY RAI, KAKALI MUKHERJEE, KFH NAZEER AHAMED, BISHNU PADA SAHA, SIMANTIKA ROY CHOWDHURY,",10/7/2005,221881,A PROCESS OF PREPARING A HERBAL COMPOSITION FOR THE MANAGMENT OF INSOMNIA/STREES AND PRODUCT THEREOF,2008-07-09T00:00:00Z,2.8,00929/KOL/2005,#VALUE!,#VALUE!,true,true,[u',(FI11) PHARMACEUTICALS,-,PULOK  K  MUKHERJEE:::SUJAY RAI:::KAKALI MUKHERJEE:::KFH NAZEER AHAMED:::BISHNU PADA SAHA:::SIMANTIKA ROYCHOWDHURY,PULOK  K  MUKHERJEE
"RAMCHANDRA SADASHIV DAMLE, AHMED MOHAMMED MOLDHARIA,",1/23/2008,247558,HERBAL EXTRACT AND AYURVEDIC COMPOSITION FOR THE TREATMENT OF DIABETICS,2011-04-20T00:00:00Z,3.2,155/MUM/2008,#VALUE!,#VALUE!,true,true,"A61K-36/906, A61K-9/64,",(FI03) CHEMICAL,-,RAMCHANDRA SADASHIV DAMLE:::AHMED MOHAMMED MOLDHARIA,RAMCHANDRA SADASHIV DAMLE
IYER GANESH NATRAJAN,4/28/2003,209799,"NOVEL HERBAL MOSQUITO REPELLENT COMPOSITIONS CONTAINING ESSENTIAL OILS EXTRACTED FROM PLANT, BLUMEA LACERA",2007-09-06T00:00:00Z,4.3,422/MUM/2003,#VALUE!,#VALUE!,true,true,[u',(FI11) PHARMACEUTICALS,-,RAMNARAIAN RUIA COLLEGE,RAMNARAIAN RUIA COLLEGE
"RANGASAMY VEERAMANI, SALEM RENGASAMY ASAITHAMBI, RAJAMMAL, RANGASAMY SEKAR, SALEM RANGASAMY KUMAR,",12/10/2004,230242,AN ANTI DIABETIC HERBAL FORMULATION AND THE PROCESS OF PREPARING THE SAME,2009-02-25T00:00:00Z,4.2,1348/CHE/2004,#VALUE!,#VALUE!,true,true,A61K-39/48,(FI02) BIOTECHNOLOGY,-,RANGASAMY VEERAMANI:::SALEM RENGASAMY ASAITHAMBI:::RAJAMMAL:::RANGASAMY SEKAR:::SALEM RANGASAMY KUMAR,RANGASAMY VEERAMANI
G. P. DUBEY,7/3/2002,232465,"""A HERBAL COMPOSITION FOR  MANAGEMENT OF PERIMENOPAUSAL SYNDROME AND A PROCESS FOR PREPARATION THEREOF""",2009-03-17T00:00:00Z,6.7,714/DEL/2002,#VALUE!,#VALUE!,true,true,A61K-31/00,(FI15) BIO-CHEMISTRY,-,RAVI PATODIA,RAVI PATODIA
G.P. DUBEY,7/3/2002,232507,"""A HERBAL COMPOSITION FOR THE PREVENTION AND MANAGEMENT OF LOSS OF COGNITIVE DECLINE AMONG THE AGED POPULATION AND A PROCESS FOR PREPARATION THEREOF""",2009-03-17T00:00:00Z,6.7,715/DEL/2002,#VALUE!,#VALUE!,true,true,A61K-35/00,(FI11) PHARMACEUTICALS,-,RAVI PATODIA,RAVI PATODIA
G.P. DUBEY,6/18/2002,226242,"""A HERBAL PREPARATION AND A PROCESS FOR THE PREVENTION AND TREATMENT OF HYPERCHOLESTEROLEMIA AND HYPERTRIGLYCERDIEMIA""",2008-12-15T00:00:00Z,6.4,662/DEL/2002,#VALUE!,#VALUE!,true,true,A61P-009/10,(FI11) PHARMACEUTICALS,-,RAVI PATODIA,RAVI PATODIA
SARKAR NEAMATULLAH,5/27/2005,223765,A THERAPEUTIC HERBAL COMPOSITION EFFECTIVE AGAINST TUMOURS AND PROCESS FOR PREPARING THE SAME,2008-09-23T00:00:00Z,3.3,00441/KOL/2005,#VALUE!,#VALUE!,true,true,A61K-36/185,(FI03) CHEMICAL,-,SARKAR NEAMATULLAH,SARKAR NEAMATULLAH
SHANKAR SITARAM SHEPAL,3/7/2006,221770,AN AYURVEDIC COMPOSITION FOR ORAL CONSUMPTION IN TREATMENT OF HEART DISEASES AND HYPERTENSION,2008-07-03T00:00:00Z,2.3,1623/MUM/2006,#VALUE!,#VALUE!,true,true,A61-K 36/00,(FI11) PHARMACEUTICALS,-,SHANKAR SITARAM SHEPAL,SHANKAR SITARAM SHEPAL
AYOTHI VELLAN NARAYAN,6/2/2004,213692,A PROCESS TO PREPARE A NOVEL AYURVEDIC COMPOSITION AND THE COMPOSITION RESULTING THEREFROM,2008-01-10T00:00:00Z,3.6,611/MUM/2004,#VALUE!,#VALUE!,true,true,A61A-35/18,(FI11) PHARMACEUTICALS,-,SHREE NARAYAN AYURVEDIC PHARMACY (P) LTD.,SHREE NARAYAN AYURVEDIC PHARMACY (P) LTD.
"SINGH KAMALINDER KAUR, TATKE PRATIMA ARUN, DHURU SHRUTI,",1/19/2005,248096,HERBAL CONTRACEPTIVE FORMULATIONS,2011-06-16T00:00:00Z,6.3,58/MUM/2005,#VALUE!,#VALUE!,true,true,A61K-31/57,(FI11) PHARMACEUTICALS,-,SINGH KAMALINDER KAUR,SINGH KAMALINDER KAUR
"SINGH KAMALINDER KAUR, TATKE PRATIMA ARUN, DHURU SHRUTI,",1/19/2005,239572,HERBAL CONTRACEPTIVE FORMULATIONS,2010-03-25T00:00:00Z,5.2,57/MUM/2005,#VALUE!,#VALUE!,true,true,A61K-31/57,(FI11) PHARMACEUTICALS,-,SINGH KAMALINDER KAUR,SINGH KAMALINDER KAUR
"YAN  XIJUN, WU NAIFENG, GUO, ZHIXIN, YE, ZHENGLIANG, LIU, YAN,",7/7/2003,214166,"HERBAL COMPOSITION FOR ANGINA PECTORIS, METHOD TO PREPARE SAME AND USES THEREOF",2008-02-05T00:00:00Z,4.5,680/MUMNP/2003,12/22/2000,2.5,false,false,[u',(FI11) PHARMACEUTICALS,US,"TIANJIN TASLY PHARMACEUTICAL CO., LTD.",
SURESH CHANDRA DABRAL,11/24/2004,211481,A PROCESS FOR PREPARATION OF AN AYURVEDIC COMPOSITION USE FOR TREATMENT OF MIGRAINE & THE HEALTH AYURVEDIC COMPOSITION FOR TREATMENT OF MIGRAINE,2007-11-01T00:00:00Z,2.9,2352/DEL/2004,#VALUE!,#VALUE!,true,true,A61K-35/78,(FI11) PHARMACEUTICALS,-,SURESH CHANDRA DABRAL,SURESH CHANDRA DABRAL
SYEDA AAMENA NAAZ,1/6/2003,213005,"""HERBAL COMPOSITION FOR TREATING DISORDERS ASSOCIATED WITH MENOPAUSE""",2007-12-19T00:00:00Z,4.9,18/DEL/2003,#VALUE!,#VALUE!,true,true,A61K-35/78,(FI11) PHARMACEUTICALS,-,SYEDA AAMENA NAAZ,SYEDA AAMENA NAAZ
"THIRUVENGADAM RAJAGOPAL, SASTRY MALLADI SURYA PRAKASA,",4/27/2004,252070,"""A COMPOSITION OF HERBAL EXTRACTS FOR PROMOTING GROWTH AND DEVELOPMENT""",2012-04-24T00:00:00Z,7.9,386/CHE/2004,#VALUE!,#VALUE!,true,true,A61K-31/00,(FI15) BIO-CHEMISTRY,-,TABLETS (INDIA) LIMITED,TABLETS (INDIA) LIMITED
RUIXIANG ZHANG,10/21/2004,221614,A HERBAL INJECTION AND A METHOD TO PRODUCE THE SAME,2008-06-27T00:00:00Z,3.7,592/MUMNP/2004,4/23/2002,2.4,false,false,A61K-35/78,(FI11) PHARMACEUTICALS,CN,MAOXIANG WANG,
"MOHAMMED YOUSUF, SEEMA AKBAR, IRFAT ARA, KHALID MAHMOOD SIDDIQUI, SUHAIL MUSTAFA ADHAMI, SHAMSHAD AHMAD KHAN, ANIS AHMAD ANSARI,",4/8/2003,244034,"""A HERBAL COMPOSITION AGAINST BRONCHIAL ASTHMA AND PROCESS FOR PREPARATION THEREOF""",2010-11-15T00:00:00Z,7.6,582/DEL/2003,#VALUE!,#VALUE!,true,true,A61K-35/78,(FI11) PHARMACEUTICALS,-,"THE DIRECTOR, CENTRAL COUNCIL FOR RESEARCH IN UNANI MEDICINE","THE DIRECTOR, CENTRAL COUNCIL FOR RESEARCH IN UNANI MEDICINE"
"MAINKAR, A. R., KELKAR, G. D., HEBLE, M. R., SUNDARAM, S.,",2/27/2003,247575,HERBAL SKIN-CARE COMPOSITION,2011-04-25T00:00:00Z,8.1,233/MUM/2003,#VALUE!,#VALUE!,true,true,"A61K-36/254, A61Q-19/00, A61K-36/185,",(FI11) PHARMACEUTICALS,-,THE KELKAR EDUCATION TRUST'S SCIENTIFIC RESEARCH CENTRE,THE KELKAR EDUCATION TRUST'S SCIENTIFIC RESEARCH CENTRE
"THOMAS K JACOB, JACOB SUSAMMA,",6/15/2005,242544,AN AYURVEDIC MEDICINE FOR CURING VIRAL HEPATITIS AND THE LIKE DISEASES.,2010-08-31T00:00:00Z,5.2,726/CHE/2005,#VALUE!,#VALUE!,true,true,A61K-35/78,(FI03) CHEMICAL,-,THOMAS K JACOB:::JACOB SUSAMMA,THOMAS K JACOB
RAMINDER SINGH NARANG,11/23/2005,252316,"""A HERBAL HEALTH FORMULATION""",2012-05-08T00:00:00Z,6.4,3127/DEL/2005,#VALUE!,#VALUE!,true,true,A23L-2/38,(FI11) PHARMACEUTICALS,-,Three-N-Products Pvt. Ltd.,Three-N-Products Pvt. Ltd.
,7/3/2002,220683,"""A HERBAL FORMULATION FOR THE MANAGEMENT OF OSTEO-ARTHRITIS AND A PROCESS FOR THE PREPARATION THEREOF""",2008-06-02T00:00:00Z,5.8,713/DEL/2002,#VALUE!,#VALUE!,false,false,A61K-35/78,(FI15) BIO-CHEMISTRY,-,u'',
,6/18/2002,220688,"""A HERBAL COMPOSITION HAVING ANTI-STRESS AND ADAPTOGENIC PROPERTIES AND A PROCESS FOR THE PREPARATION THEREOF""",2008-06-02T00:00:00Z,5.9,665/DEL/2002,#VALUE!,#VALUE!,false,false,A61K-35/78,(FI11) PHARMACEUTICALS,-,u'',
"VELLORE GURUSWAMY JAGANNATH, ANITA JAGANNATH, VELLORE JAGANNATH SHANKER,",3/24/2004,201919,A PROCESS FOR PRODUCING LIVER TUNING BASED CHOLESTEROL REDUCING HERBAL AND PLANT EXTRACT MIX,2006-08-31T00:00:00Z,2.4,269/CHE/2004,#VALUE!,#VALUE!,true,true,A61K-35/78,(FI09) GENERAL ENGINEERING,-,VELLORE GURUSWAMY JAGANNATH:::VELLORE JAGANNATH SHANKER:::ANITA JAGANNATH,VELLORE GURUSWAMY JAGANNATH
DR. DWIBHASHYAM VENKATA SREERAMA MURTY,10/13/2005,224688,ANTI-STRESS HERBAL FORMULATION AND PROCESS FOR THE PREPARATION THEREOF,2008-10-21T00:00:00Z,3,1469/CHE/2005,#VALUE!,#VALUE!,true,true,A61K-35/78,(FI17) MICRO BIOLOGY,-,VENKATESWARA AYURVEDA NILAYAM LIMITED,VENKATESWARA AYURVEDA NILAYAM LIMITED
VIMAL KUMAR,8/29/2006,239637,A PROCESS FOR PREPARATION OF AYURVEDIC COMPOSITION FOR TREATEMENT OF HEPATIC DISORDER,2010-03-29T00:00:00Z,3.6,1938/DEL/2006,#VALUE!,#VALUE!,true,true,A61K-35/00,(FI03) CHEMICAL,-,VIMAL KUMAR,VIMAL KUMAR
YOGENDRA SINGH,2/12/2004,209859,"""A HERBAL COMPOSITION USEFUL FOR THE TREATMENT OF WHOOPING COUGH, REDUCING CHOLESTROL & BODY FAT""",2007-09-07T00:00:00Z,3.5,196/DEL/2004,#VALUE!,#VALUE!,true,true,A61K-35/78,(FI03) CHEMICAL,-,YOGENDRA SINGH,YOGENDRA SINGH
YOGENDRA SINGH,2/12/2004,209857,"""AN ANTIPOISON, ANTIVIRAL & ANTI HIV HERBAL COMPOSITION AND PROCESS FOR PREPARATION THEREOF""",2007-09-07T00:00:00Z,3.5,194/DEL/2004,#VALUE!,#VALUE!,true,true,A61K-35/78,(FI03) CHEMICAL,-,YOGENDRA SINGH,YOGENDRA SINGH
YOGENDRA SINGH,1/29/2004,209457,A HERBAL COMPOSITION USEFUL FOR THE TREATMENT OF PILES.,2007-08-30T00:00:00Z,3.6,142/DEL/2004,#VALUE!,#VALUE!,true,true,A61K-35/78,(FI03) CHEMICAL,-,YOGENDRA SINGH,YOGENDRA SINGH
YOGENDRA SINGH,2/12/2004,209853,A NOVEL DENTAL AND GUM CARE HERBAL COMPOSITION,2007-09-07T00:00:00Z,3.5,195/DEL/2004,#VALUE!,#VALUE!,true,true,A61K-35/78,(FI03) CHEMICAL,-,YOGENDRA SINGH,YOGENDRA SINGH
